{
 "comment": "Sensor coordinate assignment created on 03.12.2021 at 18:31 from grid definition data\\grid_definition_c3.json",
 "grid_channel_names": [
  "01:04:50",
  "01:05:50",
  "00:09:50",
  "00:05:50",
  null,
  "01:03:50",
  "00:12:50",
  "00:08:50",
  "00:04:50",
  null,
  "01:02:50",
  "00:11:50",
  "00:07:50",
  "00:03:50",
  null,
  "01:01:50",
  "00:10:50",
  "00:06:50",
  "00:01:50",
  "00:02:50"
 ],
 "grid_coords": [
  [
   -0.02975802352941176,
   -0.048871129411764705,
   0.08244234117647058
  ],
  [
   -0.038225764705882355,
   -0.022232458823529408,
   0.08302821176470589
  ],
  [
   -0.037019488235294114,
   0.0,
   0.08418732352941175
  ],
  [
   -0.03573464117647058,
   0.020609635294117648,
   0.08311281764705883
  ],
  [
   -0.02681570588235294,
   0.04326735882352941,
   0.08264239999999998
  ],
  [
   -0.052475429411764696,
   -0.04872147647058823,
   0.07093370588235293
  ],
  [
   -0.05738178823529411,
   -0.023491152941176468,
   0.07093370588235293
  ],
  [
   -0.057930217647058815,
   0.0,
   0.07093370588235293
  ],
  [
   -0.055929852941176465,
   0.022850964705882354,
   0.07093370588235293
  ],
  [
   -0.04889079999999999,
   0.04511147647058823,
   0.07093370588235293
  ],
  [
   -0.06994246470588235,
   -0.04848308235294118,
   0.05584245294117648
  ],
  [
   -0.07354028235294117,
   -0.022808158823529406,
   0.05584245294117648
  ],
  [
   -0.07453487647058823,
   0.0,
   0.05584245294117648
  ],
  [
   -0.07153164705882353,
   0.022148411764705882,
   0.05584245294117648
  ],
  [
   -0.06474272352941177,
   0.044654470588235295,
   0.05584245294117648
  ],
  [
   -0.0826923588235294,
   -0.04782780588235294,
   0.036983052941176466
  ],
  [
   -0.0858616705882353,
   -0.0229228294117647,
   0.036983052941176466
  ],
  [
   -0.08587564117647059,
   0.0,
   0.036983052941176466
  ],
  [
   -0.08306967647058824,
   0.022140141176470587,
   0.036983052941176466
  ],
  [
   -0.07631081764705883,
   0.0439444294117647,
   0.036983052941176466
  ]
 ],
 "grid_oris": [
  [
   -0.02975802352941176,
   -0.048871129411764705,
   0.08244234117647058
  ],
  [
   -0.038225764705882355,
   -0.022232458823529408,
   0.08302821176470589
  ],
  [
   -0.037019488235294114,
   0.0,
   0.08418732352941175
  ],
  [
   -0.03573464117647058,
   0.020609635294117648,
   0.08311281764705883
  ],
  [
   -0.02681570588235294,
   0.04326735882352941,
   0.08264239999999998
  ],
  [
   -0.052475429411764696,
   -0.04872147647058823,
   0.07093370588235293
  ],
  [
   -0.05738178823529411,
   -0.023491152941176468,
   0.07093370588235293
  ],
  [
   -0.057930217647058815,
   0.0,
   0.07093370588235293
  ],
  [
   -0.055929852941176465,
   0.022850964705882354,
   0.07093370588235293
  ],
  [
   -0.04889079999999999,
   0.04511147647058823,
   0.07093370588235293
  ],
  [
   -0.06994246470588235,
   -0.04848308235294118,
   0.05584245294117648
  ],
  [
   -0.07354028235294117,
   -0.022808158823529406,
   0.05584245294117648
  ],
  [
   -0.07453487647058823,
   0.0,
   0.05584245294117648
  ],
  [
   -0.07153164705882353,
   0.022148411764705882,
   0.05584245294117648
  ],
  [
   -0.06474272352941177,
   0.044654470588235295,
   0.05584245294117648
  ],
  [
   -0.0826923588235294,
   -0.04782780588235294,
   0.036983052941176466
  ],
  [
   -0.0858616705882353,
   -0.0229228294117647,
   0.036983052941176466
  ],
  [
   -0.08587564117647059,
   0.0,
   0.036983052941176466
  ],
  [
   -0.08306967647058824,
   0.022140141176470587,
   0.036983052941176466
  ],
  [
   -0.07631081764705883,
   0.0439444294117647,
   0.036983052941176466
  ]
 ],
 "sensor_number_to_channel_name": {
  "222": "00:01:50",
  "13": "00:02:50",
  "127": "00:03:50",
  "4": "00:04:50",
  "213": "00:05:50",
  "56": "00:06:50",
  "154": "00:07:50",
  "296": "00:08:50",
  "303": "00:09:50",
  "294": "00:10:50",
  "300": "00:11:50",
  "288": "00:12:50",
  "304": "01:01:50",
  "301": "01:02:50",
  "291": "01:03:50",
  "289": "01:04:50",
  "287": "01:05:50"
 },
 "grid_definition": {
  "grid_identifiers": [
   "000",
   "001",
   "002",
   "003",
   "004",
   "005",
   "006",
   "007",
   "008",
   "009",
   "010",
   "011",
   "012",
   "013",
   "014",
   "015",
   "016",
   "017",
   "018",
   "019"
  ],
  "grid_coords": [
   [
    -0.02975802352941176,
    -0.048871129411764705,
    0.08244234117647058
   ],
   [
    -0.038225764705882355,
    -0.022232458823529408,
    0.08302821176470589
   ],
   [
    -0.037019488235294114,
    0.0,
    0.08418732352941175
   ],
   [
    -0.03573464117647058,
    0.020609635294117648,
    0.08311281764705883
   ],
   [
    -0.02681570588235294,
    0.04326735882352941,
    0.08264239999999998
   ],
   [
    -0.052475429411764696,
    -0.04872147647058823,
    0.07093370588235293
   ],
   [
    -0.05738178823529411,
    -0.023491152941176468,
    0.07093370588235293
   ],
   [
    -0.057930217647058815,
    0.0,
    0.07093370588235293
   ],
   [
    -0.055929852941176465,
    0.022850964705882354,
    0.07093370588235293
   ],
   [
    -0.04889079999999999,
    0.04511147647058823,
    0.07093370588235293
   ],
   [
    -0.06994246470588235,
    -0.04848308235294118,
    0.05584245294117648
   ],
   [
    -0.07354028235294117,
    -0.022808158823529406,
    0.05584245294117648
   ],
   [
    -0.07453487647058823,
    0.0,
    0.05584245294117648
   ],
   [
    -0.07153164705882353,
    0.022148411764705882,
    0.05584245294117648
   ],
   [
    -0.06474272352941177,
    0.044654470588235295,
    0.05584245294117648
   ],
   [
    -0.0826923588235294,
    -0.04782780588235294,
    0.036983052941176466
   ],
   [
    -0.0858616705882353,
    -0.0229228294117647,
    0.036983052941176466
   ],
   [
    -0.08587564117647059,
    0.0,
    0.036983052941176466
   ],
   [
    -0.08306967647058824,
    0.022140141176470587,
    0.036983052941176466
   ],
   [
    -0.07631081764705883,
    0.0439444294117647,
    0.036983052941176466
   ]
  ],
  "grid_oris": [
   [
    -141.8701,
    65.8788,
    1.0
   ],
   [
    -173.948,
    62.3194,
    1.0
   ],
   [
    178.7899,
    65.0542,
    1.0
   ],
   [
    164.2037,
    65.0908,
    1.0
   ],
   [
    141.9639,
    66.8348,
    1.0
   ],
   [
    -160.4059,
    53.5421,
    1.0
   ],
   [
    -175.7536,
    52.5432,
    1.0
   ],
   [
    179.2288,
    52.3348,
    1.0
   ],
   [
    168.7655,
    50.1981,
    1.0
   ],
   [
    154.011,
    51.8981,
    1.0
   ],
   [
    -162.5708,
    39.4716,
    1.0
   ],
   [
    -177.0262,
    40.2866,
    1.0
   ],
   [
    178.9119,
    39.6694,
    1.0
   ],
   [
    166.7706,
    37.6635,
    1.0
   ],
   [
    160.8931,
    37.0643,
    1.0
   ],
   [
    -165.4403,
    24.0821,
    1.0
   ],
   [
    -176.742,
    22.2704,
    1.0
   ],
   [
    175.4323,
    22.9342,
    1.0
   ],
   [
    167.6638,
    19.6309,
    1.0
   ],
   [
    160.4226,
    23.2387,
    1.0
   ]
  ],
  "grid_identifier_locations": [
   [
    "004",
    "003",
    "002",
    "001",
    "000"
   ],
   [
    "009",
    "008",
    "007",
    "006",
    "005"
   ],
   [
    "014",
    "013",
    "012",
    "011",
    "010"
   ],
   [
    "019",
    "018",
    "017",
    "016",
    "015"
   ]
  ]
 },
 "sensor_to_grid_assignment": {
  "comment": "",
  "sensor_mode": "50",
  "grid_sensor_number_locations": [
   [
    -1,
    213,
    303,
    287,
    289
   ],
   [
    -1,
    4,
    296,
    288,
    291
   ],
   [
    -1,
    127,
    154,
    300,
    301
   ],
   [
    13,
    222,
    56,
    294,
    304
   ]
  ],
  "chassis_port_to_sensor_number": {
   "0": {
    "1": 222,
    "2": 13,
    "3": 127,
    "4": 4,
    "5": 213,
    "6": 56,
    "7": 154,
    "8": 296,
    "9": 303,
    "10": 294,
    "11": 300,
    "12": 288,
    "13": null,
    "14": null,
    "15": null,
    "16": null
   },
   "1": {
    "1": 304,
    "2": 301,
    "3": 291,
    "4": 289,
    "5": 287,
    "6": null,
    "7": null,
    "8": null,
    "9": null,
    "10": null,
    "11": null,